<?xml version="1.0" encoding="UTF-8"?>
<?xml-stylesheet type="text/xsl" href="configuration.xsl"?>

<configuration>
<property> 
  <name>dfs.replication</name>  
  <value>2</value> 
</property>  
<property> 
  <name>dfs.namenode.name.dir</name>  
  <value>file:///home/hadoop/data/namenode</value> 
</property>  
<property> 
  <name>dfs.datanode.data.dir</name>  
  <value>file:///home/hadoop/data/datanode</value> 
</property>  
<property> 
  <name>dfs.http.address</name>  
  <value>chinahadoop-1:50070</value>  
</property>  
</configuration>
